Date,Vehicle Class,Fuel Type,Classified,Date
2019-11-01,HGV,Diesel,15,2019-11-01
2019-11-01,LGV,Diesel,480,2019-11-01
2019-11-01,LGV,Electric,3,2019-11-01
2019-11-01,MGV,Diesel,163,2019-11-01
2019-11-01,Motorcycle,Petrol,640,2019-11-01
2019-11-01,Private Bus,Diesel,2,2019-11-01
2019-11-01,Private Car,Electric,424,2019-11-01
2019-11-01,Private Car,Petrol,2676,2019-11-01
2019-11-01,Private Light Bus,Diesel,4,2019-11-01
2019-11-01,Private Light Bus,Electric,1,2019-11-01
2019-11-01,Private Light Bus,LPG,3,2019-11-01
2019-11-01,Public Bus,Diesel,48,2019-11-01
2019-11-01,Public Light Bus,Diesel,3,2019-11-01
2019-11-01,Public Light Bus,LPG,27,2019-11-01
2019-11-01,Taxi,LPG,63,2019-11-01
2019-12-01,HGV,Diesel,26,2019-12-01
2019-12-01,LGV,Diesel,947,2019-12-01
2019-12-01,LGV,Electric,8,2019-12-01
2019-12-01,MGV,Diesel,317,2019-12-01
2019-12-01,Motorcycle,Petrol,1283,2019-12-01
2019-12-01,Private Bus,Diesel,12,2019-12-01
2019-12-01,Private Car,Electric,813,2019-12-01
2019-12-01,Private Car,Petrol,5579,2019-12-01
2019-12-01,Private Light Bus,Diesel,13,2019-12-01
2019-12-01,Private Light Bus,Electric,1,2019-12-01
2019-12-01,Private Light Bus,LPG,12,2019-12-01
2019-12-01,Public Bus,Diesel,113,2019-12-01
2019-12-01,Public Light Bus,Diesel,4,2019-12-01
2019-12-01,Public Light Bus,LPG,64,2019-12-01
2019-12-01,Taxi,LPG,123,2019-12-01
2020-01-01,HGV,Diesel,41,2020-01-01
2020-01-01,LGV,Diesel,1283,2020-01-01
2020-01-01,LGV,Electric,14,2020-01-01
2020-01-01,MGV,Diesel,388,2020-01-01
2020-01-01,Motorcycle,Petrol,1710,2020-01-01
2020-01-01,Private Bus,Diesel,25,2020-01-01
2020-01-01,Private Car,Electric,928,2020-01-01
2020-01-01,Private Car,Petrol,7787,2020-01-01
2020-01-01,Private Light Bus,Diesel,21,2020-01-01
2020-01-01,Private Light Bus,Electric,1,2020-01-01
2020-01-01,Private Light Bus,LPG,23,2020-01-01
2020-01-01,Public Bus,Diesel,153,2020-01-01
2020-01-01,Public Light Bus,Diesel,7,2020-01-01
2020-01-01,Public Light Bus,LPG,82,2020-01-01
2020-01-01,Taxi,LPG,178,2020-01-01
2020-02-01,HGV,Diesel,51,2020-02-01
2020-02-01,LGV,Diesel,1471,2020-02-01
2020-02-01,LGV,Electric,18,2020-02-01
2020-02-01,MGV,Diesel,447,2020-02-01
2020-02-01,Motorcycle,Electric,1,2020-02-01
2020-02-01,Motorcycle,Petrol,2199,2020-02-01
2020-02-01,Private Bus,Diesel,29,2020-02-01
2020-02-01,Private Car,Electric,1120,2020-02-01
2020-02-01,Private Car,Petrol,9525,2020-02-01
2020-02-01,Private Light Bus,Diesel,24,2020-02-01
2020-02-01,Private Light Bus,Electric,1,2020-02-01
2020-02-01,Private Light Bus,LPG,31,2020-02-01
2020-02-01,Public Bus,Diesel,163,2020-02-01
2020-02-01,Public Light Bus,Diesel,7,2020-02-01
2020-02-01,Public Light Bus,LPG,100,2020-02-01
2020-02-01,Taxi,LPG,224,2020-02-01
2020-03-01,HGV,Diesel,65,2020-03-01
2020-03-01,LGV,Diesel,1753,2020-03-01
2020-03-01,LGV,Electric,24,2020-03-01
2020-03-01,MGV,Diesel,530,2020-03-01
2020-03-01,MGV,Electric,1,2020-03-01
2020-03-01,Motorcycle,Electric,1,2020-03-01
2020-03-01,Motorcycle,Petrol,2913,2020-03-01
2020-03-01,Private Bus,Diesel,31,2020-03-01
2020-03-01,Private Car,Electric,1709,2020-03-01
2020-03-01,Private Car,Petrol,11820,2020-03-01
2020-03-01,Private Light Bus,Diesel,28,2020-03-01
2020-03-01,Private Light Bus,Electric,1,2020-03-01
2020-03-01,Private Light Bus,LPG,33,2020-03-01
2020-03-01,Public Bus,Diesel,183,2020-03-01
2020-03-01,Public Light Bus,Diesel,8,2020-03-01
2020-03-01,Public Light Bus,LPG,108,2020-03-01
2020-03-01,Taxi,LPG,298,2020-03-01
2020-04-01,HGV,Diesel,87,2020-04-01
2020-04-01,LGV,Diesel,1999,2020-04-01
2020-04-01,LGV,Electric,25,2020-04-01
2020-04-01,MGV,Diesel,605,2020-04-01
2020-04-01,MGV,Electric,1,2020-04-01
2020-04-01,Motorcycle,Electric,3,2020-04-01
2020-04-01,Motorcycle,Petrol,3662,2020-04-01
2020-04-01,Private Bus,Diesel,31,2020-04-01
2020-04-01,Private Car,Electric,1887,2020-04-01
2020-04-01,Private Car,Petrol,13935,2020-04-01
2020-04-01,Private Light Bus,Diesel,37,2020-04-01
2020-04-01,Private Light Bus,Electric,1,2020-04-01
2020-04-01,Private Light Bus,LPG,39,2020-04-01
2020-04-01,Public Bus,Diesel,199,2020-04-01
2020-04-01,Public Light Bus,Diesel,9,2020-04-01
2020-04-01,Public Light Bus,LPG,115,2020-04-01
2020-04-01,Taxi,LPG,348,2020-04-01
2020-05-01,HGV,Diesel,108,2020-05-01
2020-05-01,LGV,Diesel,2335,2020-05-01
2020-05-01,LGV,Electric,25,2020-05-01
2020-05-01,MGV,Diesel,666,2020-05-01
2020-05-01,MGV,Electric,1,2020-05-01
2020-05-01,Motorcycle,Electric,3,2020-05-01
2020-05-01,Motorcycle,Petrol,4492,2020-05-01
2020-05-01,Private Bus,Diesel,33,2020-05-01
2020-05-01,Private Car,Electric,2043,2020-05-01
2020-05-01,Private Car,Petrol,16619,2020-05-01
2020-05-01,Private Light Bus,Diesel,42,2020-05-01
2020-05-01,Private Light Bus,Electric,1,2020-05-01
2020-05-01,Private Light Bus,LPG,47,2020-05-01
2020-05-01,Public Bus,Diesel,232,2020-05-01
2020-05-01,Public Light Bus,Diesel,10,2020-05-01
2020-05-01,Public Light Bus,LPG,125,2020-05-01
2020-05-01,Taxi,LPG,416,2020-05-01
2020-06-01,HGV,Diesel,129,2020-06-01
2020-06-01,LGV,Diesel,2743,2020-06-01
2020-06-01,LGV,Electric,25,2020-06-01
2020-06-01,MGV,Diesel,775,2020-06-01
2020-06-01,MGV,Electric,1,2020-06-01
2020-06-01,Motorcycle,Electric,4,2020-06-01
2020-06-01,Motorcycle,Petrol,5314,2020-06-01
2020-06-01,Private Bus,Diesel,35,2020-06-01
2020-06-01,Private Car,Electric,2187,2020-06-01
2020-06-01,Private Car,Petrol,19190,2020-06-01
2020-06-01,Private Light Bus,Diesel,44,2020-06-01
2020-06-01,Private Light Bus,Electric,1,2020-06-01
2020-06-01,Private Light Bus,LPG,55,2020-06-01
2020-06-01,Public Bus,Diesel,330,2020-06-01
2020-06-01,Public Light Bus,Diesel,13,2020-06-01
2020-06-01,Public Light Bus,LPG,156,2020-06-01
2020-06-01,Taxi,LPG,489,2020-06-01
2020-07-01,HGV,Diesel,143,2020-07-01
2020-07-01,LGV,Diesel,3265,2020-07-01
2020-07-01,LGV,Electric,27,2020-07-01
2020-07-01,MGV,Diesel,889,2020-07-01
2020-07-01,MGV,Electric,1,2020-07-01
2020-07-01,Motorcycle,Electric,6,2020-07-01
2020-07-01,Motorcycle,Petrol,6250,2020-07-01
2020-07-01,Private Bus,Diesel,37,2020-07-01
2020-07-01,Private Car,Electric,2289,2020-07-01
2020-07-01,Private Car,Petrol,22174,2020-07-01
2020-07-01,Private Light Bus,Diesel,53,2020-07-01
2020-07-01,Private Light Bus,Electric,1,2020-07-01
2020-07-01,Private Light Bus,LPG,59,2020-07-01
2020-07-01,Public Bus,Diesel,407,2020-07-01
2020-07-01,Public Light Bus,Diesel,14,2020-07-01
2020-07-01,Public Light Bus,LPG,164,2020-07-01
2020-07-01,Taxi,LPG,568,2020-07-01
2020-08-01,HGV,Diesel,159,2020-08-01
2020-08-01,LGV,Diesel,3838,2020-08-01
2020-08-01,LGV,Electric,32,2020-08-01
2020-08-01,LGV,Petrol,1,2020-08-01
2020-08-01,MGV,Diesel,947,2020-08-01
2020-08-01,MGV,Electric,1,2020-08-01
2020-08-01,Motorcycle,Electric,6,2020-08-01
2020-08-01,Motorcycle,Petrol,7100,2020-08-01
2020-08-01,Private Bus,Diesel,38,2020-08-01
2020-08-01,Private Car,Electric,3276,2020-08-01
2020-08-01,Private Car,Petrol,24737,2020-08-01
2020-08-01,Private Light Bus,Diesel,59,2020-08-01
2020-08-01,Private Light Bus,Electric,1,2020-08-01
2020-08-01,Private Light Bus,LPG,66,2020-08-01
2020-08-01,Public Bus,Diesel,423,2020-08-01
2020-08-01,Public Light Bus,Diesel,14,2020-08-01
2020-08-01,Public Light Bus,LPG,169,2020-08-01
2020-08-01,Taxi,LPG,607,2020-08-01
2020-09-01,HGV,Diesel,189,2020-09-01
2020-09-01,LGV,Diesel,4041,2020-09-01
2020-09-01,LGV,Electric,35,2020-09-01
2020-09-01,LGV,Petrol,1,2020-09-01
2020-09-01,MGV,Diesel,1072,2020-09-01
2020-09-01,MGV,Electric,1,2020-09-01
2020-09-01,Motorcycle,Electric,10,2020-09-01
2020-09-01,Motorcycle,Petrol,8186,2020-09-01
2020-09-01,Private Bus,Diesel,40,2020-09-01
2020-09-01,Private Car,Electric,3722,2020-09-01
2020-09-01,Private Car,Petrol,28130,2020-09-01
2020-09-01,Private Light Bus,Diesel,72,2020-09-01
2020-09-01,Private Light Bus,Electric,1,2020-09-01
2020-09-01,Private Light Bus,LPG,73,2020-09-01
2020-09-01,Public Bus,Diesel,456,2020-09-01
2020-09-01,Public Light Bus,Diesel,14,2020-09-01
2020-09-01,Public Light Bus,LPG,177,2020-09-01
2020-09-01,Taxi,LPG,711,2020-09-01
2020-10-01,HGV,Diesel,215,2020-10-01
2020-10-01,LGV,Diesel,4297,2020-10-01
2020-10-01,LGV,Electric,35,2020-10-01
2020-10-01,LGV,Petrol,2,2020-10-01
2020-10-01,MGV,Diesel,1157,2020-10-01
2020-10-01,MGV,Electric,1,2020-10-01
2020-10-01,Motorcycle,Electric,12,2020-10-01
2020-10-01,Motorcycle,Petrol,9001,2020-10-01
2020-10-01,Private Bus,Diesel,43,2020-10-01
2020-10-01,Private Car,Electric,3815,2020-10-01
2020-10-01,Private Car,Petrol,31495,2020-10-01
2020-10-01,Private Light Bus,Diesel,76,2020-10-01
2020-10-01,Private Light Bus,Electric,1,2020-10-01
2020-10-01,Private Light Bus,LPG,81,2020-10-01
2020-10-01,Public Bus,Diesel,499,2020-10-01
2020-10-01,Public Light Bus,Diesel,14,2020-10-01
2020-10-01,Public Light Bus,LPG,187,2020-10-01
2020-10-01,Taxi,LPG,787,2020-10-01
2020-11-01,HGV,Diesel,246,2020-11-01
2020-11-01,LGV,Diesel,4642,2020-11-01
2020-11-01,LGV,Electric,36,2020-11-01
2020-11-01,LGV,Petrol,2,2020-11-01
2020-11-01,MGV,Diesel,1289,2020-11-01
2020-11-01,MGV,Electric,1,2020-11-01
2020-11-01,Motorcycle,Electric,24,2020-11-01
2020-11-01,Motorcycle,Petrol,9872,2020-11-01
2020-11-01,Private Bus,Diesel,44,2020-11-01
2020-11-01,Private Car,Electric,4591,2020-11-01
2020-11-01,Private Car,Petrol,34872,2020-11-01
2020-11-01,Private Light Bus,Diesel,79,2020-11-01
2020-11-01,Private Light Bus,Electric,1,2020-11-01
2020-11-01,Private Light Bus,LPG,87,2020-11-01
2020-11-01,Public Bus,Diesel,555,2020-11-01
2020-11-01,Public Light Bus,Diesel,14,2020-11-01
2020-11-01,Public Light Bus,LPG,199,2020-11-01
2020-11-01,Taxi,LPG,865,2020-11-01
2020-12-01,HGV,Diesel,283,2020-12-01
2020-12-01,LGV,Diesel,5020,2020-12-01
2020-12-01,LGV,Electric,42,2020-12-01
2020-12-01,LGV,Petrol,2,2020-12-01
2020-12-01,MGV,Diesel,1377,2020-12-01
2020-12-01,MGV,Electric,1,2020-12-01
2020-12-01,Motorcycle,Electric,25,2020-12-01
2020-12-01,Motorcycle,Petrol,10626,2020-12-01
2020-12-01,Private Bus,Diesel,47,2020-12-01
2020-12-01,Private Car,Electric,5408,2020-12-01
2020-12-01,Private Car,Petrol,38020,2020-12-01
2020-12-01,Private Light Bus,Diesel,81,2020-12-01
2020-12-01,Private Light Bus,Electric,1,2020-12-01
2020-12-01,Private Light Bus,LPG,88,2020-12-01
2020-12-01,Public Bus,Diesel,574,2020-12-01
2020-12-01,Public Light Bus,Diesel,16,2020-12-01
2020-12-01,Public Light Bus,LPG,211,2020-12-01
2020-12-01,Taxi,LPG,928,2020-12-01
2021-01-01,HGV,Diesel,309,2021-01-01
2021-01-01,LGV,Diesel,5314,2021-01-01
2021-01-01,LGV,Electric,46,2021-01-01
2021-01-01,LGV,Petrol,2,2021-01-01
2021-01-01,MGV,Diesel,1456,2021-01-01
2021-01-01,MGV,Electric,1,2021-01-01
2021-01-01,Motorcycle,Electric,26,2021-01-01
2021-01-01,Motorcycle,Petrol,11232,2021-01-01
2021-01-01,Private Bus,Diesel,50,2021-01-01
2021-01-01,Private Car,Electric,5629,2021-01-01
2021-01-01,Private Car,Petrol,40421,2021-01-01
2021-01-01,Private Light Bus,Diesel,83,2021-01-01
2021-01-01,Private Light Bus,Electric,1,2021-01-01
2021-01-01,Private Light Bus,LPG,89,2021-01-01
2021-01-01,Public Bus,Diesel,604,2021-01-01
2021-01-01,Public Light Bus,Diesel,18,2021-01-01
2021-01-01,Public Light Bus,LPG,215,2021-01-01
2021-01-01,Taxi,LPG,973,2021-01-01
2021-02-01,HGV,Diesel,339,2021-02-01
2021-02-01,LGV,Diesel,5603,2021-02-01
2021-02-01,LGV,Electric,48,2021-02-01
2021-02-01,LGV,Petrol,2,2021-02-01
2021-02-01,MGV,Diesel,1520,2021-02-01
2021-02-01,MGV,Electric,1,2021-02-01
2021-02-01,Motorcycle,Electric,28,2021-02-01
2021-02-01,Motorcycle,Petrol,11824,2021-02-01
2021-02-01,Private Bus,Diesel,64,2021-02-01
2021-02-01,Private Car,Electric,6108,2021-02-01
2021-02-01,Private Car,Petrol,42459,2021-02-01
2021-02-01,Private Light Bus,Diesel,91,2021-02-01
2021-02-01,Private Light Bus,Electric,1,2021-02-01
2021-02-01,Private Light Bus,LPG,93,2021-02-01
2021-02-01,Public Bus,Diesel,730,2021-02-01
2021-02-01,Public Light Bus,Diesel,19,2021-02-01
2021-02-01,Public Light Bus,LPG,223,2021-02-01
2021-02-01,Taxi,LPG,1051,2021-02-01
2021-03-01,HGV,Diesel,381,2021-03-01
2021-03-01,LGV,Diesel,6046,2021-03-01
2021-03-01,LGV,Electric,50,2021-03-01
2021-03-01,LGV,Petrol,2,2021-03-01
2021-03-01,MGV,Diesel,1633,2021-03-01
2021-03-01,MGV,Electric,1,2021-03-01
2021-03-01,Motorcycle,Electric,52,2021-03-01
2021-03-01,Motorcycle,Petrol,12597,2021-03-01
2021-03-01,Private Bus,Diesel,80,2021-03-01
2021-03-01,Private Car,Electric,6653,2021-03-01
2021-03-01,Private Car,Petrol,45432,2021-03-01
2021-03-01,Private Light Bus,Diesel,92,2021-03-01
2021-03-01,Private Light Bus,Electric,1,2021-03-01
2021-03-01,Private Light Bus,LPG,99,2021-03-01
2021-03-01,Public Bus,Diesel,746,2021-03-01
2021-03-01,Public Light Bus,Diesel,20,2021-03-01
2021-03-01,Public Light Bus,LPG,231,2021-03-01
2021-03-01,Taxi,LPG,1174,2021-03-01
2021-04-01,HGV,Diesel,410,2021-04-01
2021-04-01,LGV,Diesel,6480,2021-04-01
2021-04-01,LGV,Electric,52,2021-04-01
2021-04-01,LGV,Petrol,2,2021-04-01
2021-04-01,MGV,Diesel,1743,2021-04-01
2021-04-01,MGV,Electric,2,2021-04-01
2021-04-01,Motorcycle,Electric,56,2021-04-01
2021-04-01,Motorcycle,Petrol,13428,2021-04-01
2021-04-01,Private Bus,Diesel,81,2021-04-01
2021-04-01,Private Car,Electric,7275,2021-04-01
2021-04-01,Private Car,Petrol,47901,2021-04-01
2021-04-01,Private Light Bus,Diesel,94,2021-04-01
2021-04-01,Private Light Bus,Electric,1,2021-04-01
2021-04-01,Private Light Bus,LPG,103,2021-04-01
2021-04-01,Public Bus,Diesel,784,2021-04-01
2021-04-01,Public Light Bus,Diesel,20,2021-04-01
2021-04-01,Public Light Bus,LPG,242,2021-04-01
2021-04-01,Taxi,LPG,1277,2021-04-01
2021-05-01,HGV,Diesel,459,2021-05-01
2021-05-01,LGV,Diesel,6932,2021-05-01
2021-05-01,LGV,Electric,53,2021-05-01
2021-05-01,LGV,Petrol,2,2021-05-01
2021-05-01,MGV,Diesel,1953,2021-05-01
2021-05-01,MGV,Electric,2,2021-05-01
2021-05-01,Motorcycle,Electric,57,2021-05-01
2021-05-01,Motorcycle,Petrol,14148,2021-05-01
2021-05-01,Private Bus,Diesel,82,2021-05-01
2021-05-01,Private Car,Electric,8229,2021-05-01
2021-05-01,Private Car,Petrol,50568,2021-05-01
2021-05-01,Private Light Bus,Diesel,100,2021-05-01
2021-05-01,Private Light Bus,Electric,1,2021-05-01
2021-05-01,Private Light Bus,LPG,109,2021-05-01
2021-05-01,Public Bus,Diesel,823,2021-05-01
2021-05-01,Public Light Bus,Diesel,22,2021-05-01
2021-05-01,Public Light Bus,LPG,258,2021-05-01
2021-05-01,Taxi,LPG,1344,2021-05-01
2021-06-01,HGV,Diesel,489,2021-06-01
2021-06-01,LGV,Diesel,7361,2021-06-01
2021-06-01,LGV,Electric,56,2021-06-01
2021-06-01,LGV,Petrol,2,2021-06-01
2021-06-01,MGV,Diesel,2084,2021-06-01
2021-06-01,MGV,Electric,2,2021-06-01
2021-06-01,Motorcycle,Electric,61,2021-06-01
2021-06-01,Motorcycle,Petrol,15051,2021-06-01
2021-06-01,Private Bus,Diesel,85,2021-06-01
2021-06-01,Private Car,Electric,8810,2021-06-01
2021-06-01,Private Car,Petrol,53778,2021-06-01
2021-06-01,Private Light Bus,Diesel,104,2021-06-01
2021-06-01,Private Light Bus,Electric,1,2021-06-01
2021-06-01,Private Light Bus,LPG,118,2021-06-01
2021-06-01,Public Bus,Diesel,864,2021-06-01
2021-06-01,Public Light Bus,Diesel,26,2021-06-01
2021-06-01,Public Light Bus,LPG,274,2021-06-01
2021-06-01,Taxi,LPG,1410,2021-06-01
2021-07-01,HGV,Diesel,519,2021-07-01
2021-07-01,LGV,Diesel,7769,2021-07-01
2021-07-01,LGV,Electric,57,2021-07-01
2021-07-01,LGV,Petrol,2,2021-07-01
2021-07-01,MGV,Diesel,2234,2021-07-01
2021-07-01,MGV,Electric,2,2021-07-01
2021-07-01,Motorcycle,Electric,76,2021-07-01
2021-07-01,Motorcycle,Petrol,15968,2021-07-01
2021-07-01,Private Bus,Diesel,88,2021-07-01
2021-07-01,Private Car,Electric,9695,2021-07-01
2021-07-01,Private Car,Petrol,56450,2021-07-01
2021-07-01,Private Light Bus,Diesel,106,2021-07-01
2021-07-01,Private Light Bus,Electric,1,2021-07-01
2021-07-01,Private Light Bus,LPG,127,2021-07-01
2021-07-01,Public Bus,Diesel,905,2021-07-01
2021-07-01,Public Light Bus,Diesel,28,2021-07-01
2021-07-01,Public Light Bus,LPG,287,2021-07-01
2021-07-01,Taxi,LPG,1511,2021-07-01
2021-08-01,HGV,Diesel,579,2021-08-01
2021-08-01,LGV,Diesel,8201,2021-08-01
2021-08-01,LGV,Electric,61,2021-08-01
2021-08-01,LGV,Petrol,2,2021-08-01
2021-08-01,MGV,Diesel,2403,2021-08-01
2021-08-01,MGV,Electric,2,2021-08-01
2021-08-01,Motorcycle,Electric,89,2021-08-01
2021-08-01,Motorcycle,Petrol,16776,2021-08-01
2021-08-01,Private Bus,Diesel,100,2021-08-01
2021-08-01,Private Car,Electric,10382,2021-08-01
2021-08-01,Private Car,Petrol,58829,2021-08-01
2021-08-01,Private Light Bus,Diesel,116,2021-08-01
2021-08-01,Private Light Bus,Electric,1,2021-08-01
2021-08-01,Private Light Bus,LPG,134,2021-08-01
2021-08-01,Public Bus,Diesel,968,2021-08-01
2021-08-01,Public Light Bus,Diesel,28,2021-08-01
2021-08-01,Public Light Bus,LPG,297,2021-08-01
2021-08-01,Taxi,LPG,1628,2021-08-01
2021-09-01,HGV,Diesel,621,2021-09-01
2021-09-01,LGV,Diesel,8601,2021-09-01
2021-09-01,LGV,Electric,69,2021-09-01
2021-09-01,LGV,Petrol,2,2021-09-01
2021-09-01,MGV,Diesel,2608,2021-09-01
2021-09-01,MGV,Electric,2,2021-09-01
2021-09-01,Motorcycle,Electric,93,2021-09-01
2021-09-01,Motorcycle,Petrol,17496,2021-09-01
2021-09-01,Private Bus,Diesel,109,2021-09-01
2021-09-01,Private Car,Diesel,2,2021-09-01
2021-09-01,Private Car,Electric,11376,2021-09-01
2021-09-01,Private Car,Petrol,61387,2021-09-01
2021-09-01,Private Light Bus,Diesel,121,2021-09-01
2021-09-01,Private Light Bus,Electric,1,2021-09-01
2021-09-01,Private Light Bus,LPG,134,2021-09-01
2021-09-01,Public Bus,Diesel,1023,2021-09-01
2021-09-01,Public Light Bus,Diesel,28,2021-09-01
2021-09-01,Public Light Bus,LPG,309,2021-09-01
2021-09-01,Taxi,LPG,1720,2021-09-01
2021-10-01,HGV,Diesel,660,2021-10-01
2021-10-01,LGV,Diesel,8905,2021-10-01
2021-10-01,LGV,Electric,75,2021-10-01
2021-10-01,LGV,Petrol,2,2021-10-01
2021-10-01,MGV,Diesel,2760,2021-10-01
2021-10-01,MGV,Electric,2,2021-10-01
2021-10-01,Motorcycle,Electric,95,2021-10-01
2021-10-01,Motorcycle,Petrol,18149,2021-10-01
2021-10-01,Private Bus,Diesel,114,2021-10-01
2021-10-01,Private Car,Diesel,2,2021-10-01
2021-10-01,Private Car,Electric,12206,2021-10-01
2021-10-01,Private Car,Petrol,63284,2021-10-01
2021-10-01,Private Light Bus,Diesel,125,2021-10-01
2021-10-01,Private Light Bus,Electric,1,2021-10-01
2021-10-01,Private Light Bus,LPG,134,2021-10-01
2021-10-01,Public Bus,Diesel,1061,2021-10-01
2021-10-01,Public Light Bus,Diesel,29,2021-10-01
2021-10-01,Public Light Bus,LPG,325,2021-10-01
2021-10-01,Taxi,LPG,1815,2021-10-01
2021-11-01,HGV,Diesel,714,2021-11-01
2021-11-01,LGV,Diesel,9298,2021-11-01
2021-11-01,LGV,Electric,81,2021-11-01
2021-11-01,LGV,Petrol,3,2021-11-01
2021-11-01,MGV,Diesel,2944,2021-11-01
2021-11-01,MGV,Electric,2,2021-11-01
2021-11-01,Motorcycle,Electric,99,2021-11-01
2021-11-01,Motorcycle,Petrol,18908,2021-11-01
2021-11-01,Private Bus,Diesel,116,2021-11-01
2021-11-01,Private Car,Diesel,2,2021-11-01
2021-11-01,Private Car,Electric,13862,2021-11-01
2021-11-01,Private Car,Petrol,65549,2021-11-01
2021-11-01,Private Light Bus,Diesel,134,2021-11-01
2021-11-01,Private Light Bus,Electric,1,2021-11-01
2021-11-01,Private Light Bus,LPG,134,2021-11-01
2021-11-01,Public Bus,Diesel,1097,2021-11-01
2021-11-01,Public Light Bus,Diesel,29,2021-11-01
2021-11-01,Public Light Bus,LPG,342,2021-11-01
2021-11-01,Taxi,LPG,1936,2021-11-01
2021-12-01,HGV,Diesel,756,2021-12-01
2021-12-01,LGV,Diesel,9829,2021-12-01
2021-12-01,LGV,Electric,96,2021-12-01
2021-12-01,LGV,Petrol,4,2021-12-01
2021-12-01,MGV,Diesel,3140,2021-12-01
2021-12-01,MGV,Electric,2,2021-12-01
2021-12-01,Motorcycle,Electric,104,2021-12-01
2021-12-01,Motorcycle,Petrol,19639,2021-12-01
2021-12-01,Private Bus,Diesel,121,2021-12-01
2021-12-01,Private Car,Diesel,2,2021-12-01
2021-12-01,Private Car,Electric,14991,2021-12-01
2021-12-01,Private Car,Petrol,67744,2021-12-01
2021-12-01,Private Light Bus,Diesel,144,2021-12-01
2021-12-01,Private Light Bus,Electric,1,2021-12-01
2021-12-01,Private Light Bus,LPG,134,2021-12-01
2021-12-01,Public Bus,Diesel,1128,2021-12-01
2021-12-01,Public Light Bus,Diesel,29,2021-12-01
2021-12-01,Public Light Bus,LPG,357,2021-12-01
2021-12-01,Taxi,LPG,2048,2021-12-01
2022-01-01,HGV,Diesel,804,2022-01-01
2022-01-01,LGV,Diesel,10167,2022-01-01
2022-01-01,LGV,Electric,98,2022-01-01
2022-01-01,LGV,Petrol,4,2022-01-01
2022-01-01,MGV,Diesel,3273,2022-01-01
2022-01-01,MGV,Electric,2,2022-01-01
2022-01-01,Motorcycle,Electric,104,2022-01-01
2022-01-01,Motorcycle,Petrol,20315,2022-01-01
2022-01-01,Private Bus,Diesel,135,2022-01-01
2022-01-01,Private Car,Diesel,2,2022-01-01
2022-01-01,Private Car,Electric,15502,2022-01-01
2022-01-01,Private Car,Petrol,69301,2022-01-01
2022-01-01,Private Light Bus,Diesel,151,2022-01-01
2022-01-01,Private Light Bus,Electric,1,2022-01-01
2022-01-01,Private Light Bus,LPG,134,2022-01-01
2022-01-01,Public Bus,Diesel,1155,2022-01-01
2022-01-01,Public Bus,Electric,1,2022-01-01
2022-01-01,Public Light Bus,Diesel,29,2022-01-01
2022-01-01,Public Light Bus,LPG,361,2022-01-01
2022-01-01,Taxi,LPG,2121,2022-01-01
2022-02-01,HGV,Diesel,836,2022-02-01
2022-02-01,LGV,Diesel,10501,2022-02-01
2022-02-01,LGV,Electric,100,2022-02-01
2022-02-01,LGV,Petrol,4,2022-02-01
2022-02-01,MGV,Diesel,3353,2022-02-01
2022-02-01,MGV,Electric,2,2022-02-01
2022-02-01,Motorcycle,Electric,104,2022-02-01
2022-02-01,Motorcycle,Petrol,20747,2022-02-01
2022-02-01,Private Bus,Diesel,141,2022-02-01
2022-02-01,Private Car,Diesel,2,2022-02-01
2022-02-01,Private Car,Electric,16396,2022-02-01
2022-02-01,Private Car,Petrol,70348,2022-02-01
2022-02-01,Private Light Bus,Diesel,154,2022-02-01
2022-02-01,Private Light Bus,Electric,1,2022-02-01
2022-02-01,Private Light Bus,LPG,134,2022-02-01
2022-02-01,Public Bus,Diesel,1176,2022-02-01
2022-02-01,Public Bus,Electric,2,2022-02-01
2022-02-01,Public Light Bus,Diesel,29,2022-02-01
2022-02-01,Public Light Bus,LPG,365,2022-02-01
2022-02-01,Taxi,LPG,2170,2022-02-01
2022-03-01,HGV,Diesel,877,2022-03-01
2022-03-01,LGV,Diesel,10943,2022-03-01
2022-03-01,LGV,Electric,107,2022-03-01
2022-03-01,LGV,Petrol,4,2022-03-01
2022-03-01,MGV,Diesel,3470,2022-03-01
2022-03-01,MGV,Electric,2,2022-03-01
2022-03-01,Motorcycle,Electric,115,2022-03-01
2022-03-01,Motorcycle,Petrol,21462,2022-03-01
2022-03-01,Private Bus,Diesel,141,2022-03-01
2022-03-01,Private Car,Diesel,2,2022-03-01
2022-03-01,Private Car,Electric,18225,2022-03-01
2022-03-01,Private Car,Petrol,71512,2022-03-01
2022-03-01,Private Light Bus,Diesel,156,2022-03-01
2022-03-01,Private Light Bus,Electric,1,2022-03-01
2022-03-01,Private Light Bus,LPG,134,2022-03-01
2022-03-01,Public Bus,Diesel,1185,2022-03-01
2022-03-01,Public Bus,Electric,2,2022-03-01
2022-03-01,Public Light Bus,Diesel,29,2022-03-01
2022-03-01,Public Light Bus,LPG,375,2022-03-01
2022-03-01,Taxi,LPG,2223,2022-03-01
2022-04-01,HGV,Diesel,911,2022-04-01
2022-04-01,LGV,Diesel,11340,2022-04-01
2022-04-01,LGV,Electric,122,2022-04-01
2022-04-01,LGV,Petrol,4,2022-04-01
2022-04-01,MGV,Diesel,3552,2022-04-01
2022-04-01,MGV,Electric,2,2022-04-01
2022-04-01,Motorcycle,Electric,115,2022-04-01
2022-04-01,Motorcycle,Petrol,22150,2022-04-01
2022-04-01,Private Bus,Diesel,142,2022-04-01
2022-04-01,Private Car,Diesel,2,2022-04-01
2022-04-01,Private Car,Electric,18632,2022-04-01
2022-04-01,Private Car,Petrol,73034,2022-04-01
2022-04-01,Private Light Bus,Diesel,161,2022-04-01
2022-04-01,Private Light Bus,Electric,1,2022-04-01
2022-04-01,Private Light Bus,LPG,134,2022-04-01
2022-04-01,Public Bus,Diesel,1204,2022-04-01
2022-04-01,Public Bus,Electric,3,2022-04-01
2022-04-01,Public Light Bus,Diesel,29,2022-04-01
2022-04-01,Public Light Bus,LPG,380,2022-04-01
2022-04-01,Taxi,LPG,2331,2022-04-01
2022-04-01,Taxi,Petrol,1,2022-04-01
2022-05-01,HGV,Diesel,952,2022-05-01
2022-05-01,LGV,Diesel,11849,2022-05-01
2022-05-01,LGV,Electric,129,2022-05-01
2022-05-01,LGV,Petrol,4,2022-05-01
2022-05-01,MGV,Diesel,3658,2022-05-01
2022-05-01,MGV,Electric,2,2022-05-01
2022-05-01,Motorcycle,Electric,117,2022-05-01
2022-05-01,Motorcycle,Petrol,22781,2022-05-01
2022-05-01,Private Bus,Diesel,144,2022-05-01
2022-05-01,Private Car,Diesel,2,2022-05-01
2022-05-01,Private Car,Electric,18989,2022-05-01
2022-05-01,Private Car,Petrol,74827,2022-05-01
2022-05-01,Private Light Bus,Diesel,167,2022-05-01
2022-05-01,Private Light Bus,Electric,1,2022-05-01
2022-05-01,Private Light Bus,LPG,135,2022-05-01
2022-05-01,Public Bus,Diesel,1271,2022-05-01
2022-05-01,Public Bus,Electric,17,2022-05-01
2022-05-01,Public Light Bus,Diesel,30,2022-05-01
2022-05-01,Public Light Bus,LPG,384,2022-05-01
2022-05-01,Taxi,LPG,2456,2022-05-01
2022-05-01,Taxi,Petrol,1,2022-05-01
2022-06-01,HGV,Diesel,988,2022-06-01
2022-06-01,LGV,Diesel,12286,2022-06-01
2022-06-01,LGV,Electric,130,2022-06-01
2022-06-01,LGV,Petrol,4,2022-06-01
2022-06-01,MGV,Diesel,3829,2022-06-01
2022-06-01,MGV,Electric,2,2022-06-01
2022-06-01,Motorcycle,Electric,118,2022-06-01
2022-06-01,Motorcycle,Petrol,23457,2022-06-01
2022-06-01,Private Bus,Diesel,146,2022-06-01
2022-06-01,Private Car,Diesel,2,2022-06-01
2022-06-01,Private Car,Electric,20317,2022-06-01
2022-06-01,Private Car,Petrol,76509,2022-06-01
2022-06-01,Private Light Bus,Diesel,174,2022-06-01
2022-06-01,Private Light Bus,Electric,1,2022-06-01
2022-06-01,Private Light Bus,LPG,135,2022-06-01
2022-06-01,Public Bus,Diesel,1324,2022-06-01
2022-06-01,Public Bus,Electric,18,2022-06-01
2022-06-01,Public Light Bus,Diesel,31,2022-06-01
2022-06-01,Public Light Bus,LPG,399,2022-06-01
2022-06-01,Taxi,LPG,2624,2022-06-01
2022-06-01,Taxi,Petrol,3,2022-06-01
2022-07-01,HGV,Diesel,1033,2022-07-01
2022-07-01,LGV,Diesel,12611,2022-07-01
2022-07-01,LGV,Electric,133,2022-07-01
2022-07-01,LGV,Petrol,4,2022-07-01
2022-07-01,MGV,Diesel,3993,2022-07-01
2022-07-01,MGV,Electric,2,2022-07-01
2022-07-01,Motorcycle,Electric,128,2022-07-01
2022-07-01,Motorcycle,Petrol,24156,2022-07-01
2022-07-01,Private Bus,Diesel,155,2022-07-01
2022-07-01,Private Car,Diesel,2,2022-07-01
2022-07-01,Private Car,Electric,21309,2022-07-01
2022-07-01,Private Car,Petrol,78071,2022-07-01
2022-07-01,Private Light Bus,Diesel,176,2022-07-01
2022-07-01,Private Light Bus,Electric,1,2022-07-01
2022-07-01,Private Light Bus,LPG,135,2022-07-01
2022-07-01,Public Bus,Diesel,1382,2022-07-01
2022-07-01,Public Bus,Electric,21,2022-07-01
2022-07-01,Public Light Bus,Diesel,31,2022-07-01
2022-07-01,Public Light Bus,LPG,409,2022-07-01
2022-07-01,Taxi,Electric,1,2022-07-01
2022-07-01,Taxi,LPG,2718,2022-07-01
2022-07-01,Taxi,Petrol,3,2022-07-01
2022-08-01,HGV,Diesel,1096,2022-08-01
2022-08-01,LGV,Diesel,13098,2022-08-01
2022-08-01,LGV,Electric,142,2022-08-01
2022-08-01,LGV,Petrol,4,2022-08-01
2022-08-01,MGV,Diesel,4137,2022-08-01
2022-08-01,MGV,Electric,2,2022-08-01
2022-08-01,Motorcycle,Electric,144,2022-08-01
2022-08-01,Motorcycle,Petrol,24715,2022-08-01
2022-08-01,Private Bus,Diesel,156,2022-08-01
2022-08-01,Private Car,Diesel,2,2022-08-01
2022-08-01,Private Car,Electric,23577,2022-08-01
2022-08-01,Private Car,Petrol,79704,2022-08-01
2022-08-01,Private Light Bus,Diesel,192,2022-08-01
2022-08-01,Private Light Bus,Electric,1,2022-08-01
2022-08-01,Private Light Bus,LPG,135,2022-08-01
2022-08-01,Public Bus,Diesel,1470,2022-08-01
2022-08-01,Public Bus,Electric,21,2022-08-01
2022-08-01,Public Light Bus,Diesel,32,2022-08-01
2022-08-01,Public Light Bus,LPG,424,2022-08-01
2022-08-01,Taxi,Electric,1,2022-08-01
2022-08-01,Taxi,LPG,2836,2022-08-01
2022-08-01,Taxi,Petrol,3,2022-08-01
2022-09-01,HGV,Diesel,1133,2022-09-01
2022-09-01,LGV,Diesel,13523,2022-09-01
2022-09-01,LGV,Electric,143,2022-09-01
2022-09-01,LGV,Petrol,4,2022-09-01
2022-09-01,MGV,Diesel,4288,2022-09-01
2022-09-01,MGV,Electric,2,2022-09-01
2022-09-01,Motorcycle,Electric,151,2022-09-01
2022-09-01,Motorcycle,Petrol,25345,2022-09-01
2022-09-01,Private Bus,Diesel,159,2022-09-01
2022-09-01,Private Car,Diesel,2,2022-09-01
2022-09-01,Private Car,Electric,26356,2022-09-01
2022-09-01,Private Car,Petrol,81372,2022-09-01
2022-09-01,Private Light Bus,Diesel,197,2022-09-01
2022-09-01,Private Light Bus,Electric,1,2022-09-01
2022-09-01,Private Light Bus,LPG,135,2022-09-01
2022-09-01,Public Bus,Diesel,1518,2022-09-01
2022-09-01,Public Bus,Electric,21,2022-09-01
2022-09-01,Public Light Bus,Diesel,33,2022-09-01
2022-09-01,Public Light Bus,LPG,444,2022-09-01
2022-09-01,Taxi,Electric,1,2022-09-01
2022-09-01,Taxi,LPG,2913,2022-09-01
2022-09-01,Taxi,Petrol,6,2022-09-01
2022-10-01,HGV,Diesel,1166,2022-10-01
2022-10-01,LGV,Diesel,13957,2022-10-01
2022-10-01,LGV,Electric,146,2022-10-01
2022-10-01,LGV,Petrol,4,2022-10-01
2022-10-01,MGV,Diesel,4400,2022-10-01
2022-10-01,MGV,Electric,2,2022-10-01
2022-10-01,Motorcycle,Electric,170,2022-10-01
2022-10-01,Motorcycle,Petrol,25941,2022-10-01
2022-10-01,Private Bus,Diesel,165,2022-10-01
2022-10-01,Private Car,Diesel,2,2022-10-01
2022-10-01,Private Car,Electric,29311,2022-10-01
2022-10-01,Private Car,Petrol,82820,2022-10-01
2022-10-01,Private Light Bus,Diesel,200,2022-10-01
2022-10-01,Private Light Bus,Electric,1,2022-10-01
2022-10-01,Private Light Bus,LPG,135,2022-10-01
2022-10-01,Public Bus,Diesel,1562,2022-10-01
2022-10-01,Public Bus,Electric,21,2022-10-01
2022-10-01,Public Light Bus,Diesel,34,2022-10-01
2022-10-01,Public Light Bus,LPG,462,2022-10-01
2022-10-01,Taxi,Electric,1,2022-10-01
2022-10-01,Taxi,LPG,2998,2022-10-01
2022-10-01,Taxi,Petrol,6,2022-10-01
2022-11-01,HGV,Diesel,1206,2022-11-01
2022-11-01,LGV,Diesel,14427,2022-11-01
2022-11-01,LGV,Electric,152,2022-11-01
2022-11-01,LGV,Petrol,4,2022-11-01
2022-11-01,MGV,Diesel,4508,2022-11-01
2022-11-01,MGV,Electric,2,2022-11-01
2022-11-01,Motorcycle,Electric,185,2022-11-01
2022-11-01,Motorcycle,Petrol,26633,2022-11-01
2022-11-01,Private Bus,Diesel,170,2022-11-01
2022-11-01,Private Car,Diesel,2,2022-11-01
2022-11-01,Private Car,Electric,32134,2022-11-01
2022-11-01,Private Car,Petrol,84219,2022-11-01
2022-11-01,Private Light Bus,Diesel,208,2022-11-01
2022-11-01,Private Light Bus,Electric,1,2022-11-01
2022-11-01,Private Light Bus,LPG,135,2022-11-01
2022-11-01,Public Bus,Diesel,1603,2022-11-01
2022-11-01,Public Bus,Electric,21,2022-11-01
2022-11-01,Public Light Bus,Diesel,40,2022-11-01
2022-11-01,Public Light Bus,LPG,469,2022-11-01
2022-11-01,Taxi,Electric,1,2022-11-01
2022-11-01,Taxi,LPG,3080,2022-11-01
2022-11-01,Taxi,Petrol,9,2022-11-01
2022-12-01,HGV,Diesel,1241,2022-12-01
2022-12-01,LGV,Diesel,14774,2022-12-01
2022-12-01,LGV,Electric,176,2022-12-01
2022-12-01,LGV,Petrol,4,2022-12-01
2022-12-01,MGV,Diesel,4623,2022-12-01
2022-12-01,MGV,Electric,2,2022-12-01
2022-12-01,Motorcycle,Electric,267,2022-12-01
2022-12-01,Motorcycle,Petrol,27116,2022-12-01
2022-12-01,Private Bus,Diesel,178,2022-12-01
2022-12-01,Private Car,Diesel,2,2022-12-01
2022-12-01,Private Car,Electric,34786,2022-12-01
2022-12-01,Private Car,Petrol,85427,2022-12-01
2022-12-01,Private Light Bus,Diesel,213,2022-12-01
2022-12-01,Private Light Bus,Electric,1,2022-12-01
2022-12-01,Private Light Bus,LPG,135,2022-12-01
2022-12-01,Public Bus,Diesel,1655,2022-12-01
2022-12-01,Public Bus,Electric,21,2022-12-01
2022-12-01,Public Light Bus,Diesel,43,2022-12-01
2022-12-01,Public Light Bus,LPG,472,2022-12-01
2022-12-01,Taxi,Electric,1,2022-12-01
2022-12-01,Taxi,LPG,3142,2022-12-01
2022-12-01,Taxi,Petrol,10,2022-12-01
2023-01-01,HGV,Diesel,1275,2023-01-01
2023-01-01,LGV,Diesel,14995,2023-01-01
2023-01-01,LGV,Electric,200,2023-01-01
2023-01-01,LGV,Petrol,4,2023-01-01
2023-01-01,MGV,Diesel,4714,2023-01-01
2023-01-01,MGV,Electric,2,2023-01-01
2023-01-01,Motorcycle,Electric,275,2023-01-01
2023-01-01,Motorcycle,Petrol,27460,2023-01-01
2023-01-01,Private Bus,Diesel,196,2023-01-01
2023-01-01,Private Car,Diesel,2,2023-01-01
2023-01-01,Private Car,Electric,36307,2023-01-01
2023-01-01,Private Car,Petrol,86436,2023-01-01
2023-01-01,Private Light Bus,Diesel,218,2023-01-01
2023-01-01,Private Light Bus,Electric,1,2023-01-01
2023-01-01,Private Light Bus,LPG,135,2023-01-01
2023-01-01,Public Bus,Diesel,1698,2023-01-01
2023-01-01,Public Bus,Electric,21,2023-01-01
2023-01-01,Public Light Bus,Diesel,48,2023-01-01
2023-01-01,Public Light Bus,LPG,473,2023-01-01
2023-01-01,Taxi,Electric,3,2023-01-01
2023-01-01,Taxi,LPG,3170,2023-01-01
2023-01-01,Taxi,Petrol,12,2023-01-01
2023-02-01,HGV,Diesel,1322,2023-02-01
2023-02-01,LGV,Diesel,15259,2023-02-01
2023-02-01,LGV,Electric,231,2023-02-01
2023-02-01,LGV,Petrol,4,2023-02-01
2023-02-01,MGV,Diesel,4787,2023-02-01
2023-02-01,MGV,Electric,2,2023-02-01
2023-02-01,Motorcycle,Electric,286,2023-02-01
2023-02-01,Motorcycle,Petrol,27884,2023-02-01
2023-02-01,Private Bus,Diesel,216,2023-02-01
2023-02-01,Private Car,Diesel,2,2023-02-01
2023-02-01,Private Car,Electric,38920,2023-02-01
2023-02-01,Private Car,Petrol,87714,2023-02-01
2023-02-01,Private Light Bus,Diesel,226,2023-02-01
2023-02-01,Private Light Bus,Electric,1,2023-02-01
2023-02-01,Private Light Bus,LPG,135,2023-02-01
2023-02-01,Public Bus,Diesel,1767,2023-02-01
2023-02-01,Public Bus,Electric,22,2023-02-01
2023-02-01,Public Light Bus,Diesel,54,2023-02-01
2023-02-01,Public Light Bus,LPG,476,2023-02-01
2023-02-01,Taxi,Electric,4,2023-02-01
2023-02-01,Taxi,LPG,3206,2023-02-01
2023-02-01,Taxi,Petrol,12,2023-02-01
2023-03-01,HGV,Diesel,1377,2023-03-01
2023-03-01,LGV,Diesel,15598,2023-03-01
2023-03-01,LGV,Electric,251,2023-03-01
2023-03-01,LGV,Petrol,4,2023-03-01
2023-03-01,MGV,Diesel,4940,2023-03-01
2023-03-01,MGV,Electric,2,2023-03-01
2023-03-01,Motorcycle,Electric,298,2023-03-01
2023-03-01,Motorcycle,Petrol,28377,2023-03-01
2023-03-01,Private Bus,Diesel,219,2023-03-01
2023-03-01,Private Car,Diesel,2,2023-03-01
2023-03-01,Private Car,Electric,41171,2023-03-01
2023-03-01,Private Car,Petrol,89141,2023-03-01
2023-03-01,Private Light Bus,Diesel,232,2023-03-01
2023-03-01,Private Light Bus,Electric,1,2023-03-01
2023-03-01,Private Light Bus,LPG,135,2023-03-01
2023-03-01,Public Bus,Diesel,1820,2023-03-01
2023-03-01,Public Bus,Electric,22,2023-03-01
2023-03-01,Public Light Bus,Diesel,61,2023-03-01
2023-03-01,Public Light Bus,LPG,478,2023-03-01
2023-03-01,Taxi,Electric,5,2023-03-01
2023-03-01,Taxi,LPG,3263,2023-03-01
2023-03-01,Taxi,Petrol,12,2023-03-01
2023-04-01,HGV,Diesel,1423,2023-04-01
2023-04-01,LGV,Diesel,15867,2023-04-01
2023-04-01,LGV,Electric,275,2023-04-01
2023-04-01,LGV,Petrol,4,2023-04-01
2023-04-01,MGV,Diesel,5038,2023-04-01
2023-04-01,MGV,Electric,4,2023-04-01
2023-04-01,Motorcycle,Electric,317,2023-04-01
2023-04-01,Motorcycle,Petrol,28726,2023-04-01
2023-04-01,Private Bus,Diesel,223,2023-04-01
2023-04-01,Private Car,Diesel,2,2023-04-01
2023-04-01,Private Car,Electric,42871,2023-04-01
2023-04-01,Private Car,Petrol,90304,2023-04-01
2023-04-01,Private Light Bus,Diesel,233,2023-04-01
2023-04-01,Private Light Bus,Electric,1,2023-04-01
2023-04-01,Private Light Bus,LPG,135,2023-04-01
2023-04-01,Public Bus,Diesel,1863,2023-04-01
2023-04-01,Public Bus,Electric,22,2023-04-01
2023-04-01,Public Light Bus,Diesel,65,2023-04-01
2023-04-01,Public Light Bus,LPG,479,2023-04-01
2023-04-01,Taxi,Electric,5,2023-04-01
2023-04-01,Taxi,LPG,3313,2023-04-01
2023-04-01,Taxi,Petrol,12,2023-04-01
2023-05-01,HGV,Diesel,1477,2023-05-01
2023-05-01,LGV,Diesel,16132,2023-05-01
2023-05-01,LGV,Electric,292,2023-05-01
2023-05-01,LGV,Petrol,4,2023-05-01
2023-05-01,MGV,Diesel,5177,2023-05-01
2023-05-01,MGV,Electric,4,2023-05-01
2023-05-01,Motorcycle,Electric,356,2023-05-01
2023-05-01,Motorcycle,Petrol,29144,2023-05-01
2023-05-01,Private Bus,Diesel,228,2023-05-01
2023-05-01,Private Car,Diesel,2,2023-05-01
2023-05-01,Private Car,Electric,45546,2023-05-01
2023-05-01,Private Car,Petrol,91629,2023-05-01
2023-05-01,Private Light Bus,Diesel,240,2023-05-01
2023-05-01,Private Light Bus,Electric,1,2023-05-01
2023-05-01,Private Light Bus,LPG,135,2023-05-01
2023-05-01,Public Bus,Diesel,1891,2023-05-01
2023-05-01,Public Bus,Electric,22,2023-05-01
2023-05-01,Public Light Bus,Diesel,73,2023-05-01
2023-05-01,Public Light Bus,LPG,481,2023-05-01
2023-05-01,Taxi,Electric,5,2023-05-01
2023-05-01,Taxi,LPG,3426,2023-05-01
2023-05-01,Taxi,Petrol,12,2023-05-01
2023-06-01,HGV,Diesel,1532,2023-06-01
2023-06-01,LGV,Diesel,16353,2023-06-01
2023-06-01,LGV,Electric,317,2023-06-01
2023-06-01,LGV,Petrol,4,2023-06-01
2023-06-01,MGV,Diesel,5306,2023-06-01
2023-06-01,MGV,Electric,4,2023-06-01
2023-06-01,Motorcycle,Electric,372,2023-06-01
2023-06-01,Motorcycle,Petrol,29624,2023-06-01
2023-06-01,Private Bus,Diesel,236,2023-06-01
2023-06-01,Private Car,Diesel,2,2023-06-01
2023-06-01,Private Car,Electric,48090,2023-06-01
2023-06-01,Private Car,Petrol,93039,2023-06-01
2023-06-01,Private Light Bus,Diesel,250,2023-06-01
2023-06-01,Private Light Bus,Electric,1,2023-06-01
2023-06-01,Private Light Bus,LPG,135,2023-06-01
2023-06-01,Public Bus,Diesel,1907,2023-06-01
2023-06-01,Public Bus,Electric,22,2023-06-01
2023-06-01,Public Light Bus,Diesel,83,2023-06-01
2023-06-01,Public Light Bus,LPG,484,2023-06-01
2023-06-01,Taxi,Electric,5,2023-06-01
2023-06-01,Taxi,LPG,3515,2023-06-01
2023-06-01,Taxi,Petrol,12,2023-06-01
2023-07-01,HGV,Diesel,1593,2023-07-01
2023-07-01,LGV,Diesel,16614,2023-07-01
2023-07-01,LGV,Electric,326,2023-07-01
2023-07-01,LGV,Petrol,4,2023-07-01
2023-07-01,MGV,Diesel,5394,2023-07-01
2023-07-01,MGV,Electric,4,2023-07-01
2023-07-01,Motorcycle,Electric,385,2023-07-01
2023-07-01,Motorcycle,Petrol,30019,2023-07-01
2023-07-01,Private Bus,Diesel,240,2023-07-01
2023-07-01,Private Car,Diesel,2,2023-07-01
2023-07-01,Private Car,Electric,50366,2023-07-01
2023-07-01,Private Car,Petrol,94327,2023-07-01
2023-07-01,Private Light Bus,Diesel,262,2023-07-01
2023-07-01,Private Light Bus,Electric,1,2023-07-01
2023-07-01,Private Light Bus,LPG,135,2023-07-01
2023-07-01,Public Bus,Diesel,1959,2023-07-01
2023-07-01,Public Bus,Electric,24,2023-07-01
2023-07-01,Public Light Bus,Diesel,90,2023-07-01
2023-07-01,Public Light Bus,LPG,484,2023-07-01
2023-07-01,Taxi,Electric,5,2023-07-01
2023-07-01,Taxi,LPG,3614,2023-07-01
2023-07-01,Taxi,Petrol,12,2023-07-01
2023-08-01,HGV,Diesel,1632,2023-08-01
2023-08-01,HGV,Electric,1,2023-08-01
2023-08-01,LGV,Diesel,16857,2023-08-01
2023-08-01,LGV,Electric,346,2023-08-01
2023-08-01,LGV,Petrol,4,2023-08-01
2023-08-01,MGV,Diesel,5489,2023-08-01
2023-08-01,MGV,Electric,4,2023-08-01
2023-08-01,Motorcycle,Electric,393,2023-08-01
2023-08-01,Motorcycle,Petrol,30425,2023-08-01
2023-08-01,Private Bus,Diesel,241,2023-08-01
2023-08-01,Private Car,Diesel,2,2023-08-01
2023-08-01,Private Car,Electric,53113,2023-08-01
2023-08-01,Private Car,Petrol,95607,2023-08-01
2023-08-01,Private Light Bus,Diesel,273,2023-08-01
2023-08-01,Private Light Bus,Electric,1,2023-08-01
2023-08-01,Private Light Bus,LPG,135,2023-08-01
2023-08-01,Public Bus,Diesel,2028,2023-08-01
2023-08-01,Public Bus,Electric,46,2023-08-01
2023-08-01,Public Light Bus,Diesel,109,2023-08-01
2023-08-01,Public Light Bus,Electric,1,2023-08-01
2023-08-01,Public Light Bus,LPG,490,2023-08-01
2023-08-01,Taxi,Electric,5,2023-08-01
2023-08-01,Taxi,LPG,3734,2023-08-01
2023-08-01,Taxi,Petrol,12,2023-08-01
2023-09-01,HGV,Diesel,1676,2023-09-01
2023-09-01,HGV,Electric,1,2023-09-01
2023-09-01,LGV,Diesel,17063,2023-09-01
2023-09-01,LGV,Electric,364,2023-09-01
2023-09-01,LGV,Petrol,4,2023-09-01
2023-09-01,MGV,Diesel,5554,2023-09-01
2023-09-01,MGV,Electric,4,2023-09-01
2023-09-01,Motorcycle,Electric,406,2023-09-01
2023-09-01,Motorcycle,Petrol,30716,2023-09-01
2023-09-01,Private Bus,Diesel,247,2023-09-01
2023-09-01,Private Car,Diesel,2,2023-09-01
2023-09-01,Private Car,Electric,55368,2023-09-01
2023-09-01,Private Car,Petrol,96849,2023-09-01
2023-09-01,Private Light Bus,Diesel,277,2023-09-01
2023-09-01,Private Light Bus,Electric,2,2023-09-01
2023-09-01,Private Light Bus,LPG,135,2023-09-01
2023-09-01,Public Bus,Diesel,2056,2023-09-01
2023-09-01,Public Bus,Electric,46,2023-09-01
2023-09-01,Public Light Bus,Diesel,109,2023-09-01
2023-09-01,Public Light Bus,Electric,1,2023-09-01
2023-09-01,Public Light Bus,LPG,490,2023-09-01
2023-09-01,Taxi,Electric,6,2023-09-01
2023-09-01,Taxi,LPG,3846,2023-09-01
2023-09-01,Taxi,Petrol,12,2023-09-01
2023-10-01,HGV,Diesel,1732,2023-10-01
2023-10-01,HGV,Electric,1,2023-10-01
2023-10-01,LGV,Diesel,17266,2023-10-01
2023-10-01,LGV,Electric,408,2023-10-01
2023-10-01,LGV,Petrol,4,2023-10-01
2023-10-01,MGV,Diesel,5622,2023-10-01
2023-10-01,MGV,Electric,4,2023-10-01
2023-10-01,Motorcycle,Electric,440,2023-10-01
2023-10-01,Motorcycle,Petrol,31048,2023-10-01
2023-10-01,Private Bus,Diesel,248,2023-10-01
2023-10-01,Private Car,Diesel,2,2023-10-01
2023-10-01,Private Car,Electric,57756,2023-10-01
2023-10-01,Private Car,Petrol,98188,2023-10-01
2023-10-01,Private Light Bus,Diesel,283,2023-10-01
2023-10-01,Private Light Bus,Electric,2,2023-10-01
2023-10-01,Private Light Bus,LPG,135,2023-10-01
2023-10-01,Public Bus,Diesel,2098,2023-10-01
2023-10-01,Public Bus,Electric,60,2023-10-01
2023-10-01,Public Light Bus,Diesel,110,2023-10-01
2023-10-01,Public Light Bus,Electric,1,2023-10-01
2023-10-01,Public Light Bus,LPG,491,2023-10-01
2023-10-01,Taxi,Electric,9,2023-10-01
2023-10-01,Taxi,LPG,3933,2023-10-01
2023-10-01,Taxi,Petrol,12,2023-10-01
2023-11-01,HGV,Diesel,1785,2023-11-01
2023-11-01,HGV,Electric,1,2023-11-01
2023-11-01,LGV,Diesel,17473,2023-11-01
2023-11-01,LGV,Electric,441,2023-11-01
2023-11-01,LGV,Petrol,4,2023-11-01
2023-11-01,MGV,Diesel,5698,2023-11-01
2023-11-01,MGV,Electric,6,2023-11-01
2023-11-01,Motorcycle,Electric,464,2023-11-01
2023-11-01,Motorcycle,Petrol,31497,2023-11-01
2023-11-01,Private Bus,Diesel,254,2023-11-01
2023-11-01,Private Car,Diesel,2,2023-11-01
2023-11-01,Private Car,Electric,60294,2023-11-01
2023-11-01,Private Car,Petrol,99722,2023-11-01
2023-11-01,Private Light Bus,Diesel,289,2023-11-01
2023-11-01,Private Light Bus,Electric,2,2023-11-01
2023-11-01,Private Light Bus,LPG,135,2023-11-01
2023-11-01,Public Bus,Diesel,2140,2023-11-01
2023-11-01,Public Bus,Electric,60,2023-11-01
2023-11-01,Public Bus,Hydrogen,1,2023-11-01
2023-11-01,Public Light Bus,Diesel,118,2023-11-01
2023-11-01,Public Light Bus,Electric,1,2023-11-01
2023-11-01,Public Light Bus,LPG,492,2023-11-01
2023-11-01,Taxi,Electric,14,2023-11-01
2023-11-01,Taxi,LPG,4012,2023-11-01
2023-11-01,Taxi,Petrol,12,2023-11-01
2023-12-01,HGV,Diesel,1836,2023-12-01
2023-12-01,HGV,Electric,1,2023-12-01
2023-12-01,LGV,Diesel,17694,2023-12-01
2023-12-01,LGV,Electric,478,2023-12-01
2023-12-01,LGV,Petrol,4,2023-12-01
2023-12-01,MGV,Diesel,5809,2023-12-01
2023-12-01,MGV,Electric,7,2023-12-01
2023-12-01,Motorcycle,Electric,478,2023-12-01
2023-12-01,Motorcycle,Petrol,31748,2023-12-01
2023-12-01,Private Bus,Diesel,268,2023-12-01
2023-12-01,Private Car,Diesel,2,2023-12-01
2023-12-01,Private Car,Electric,63327,2023-12-01
2023-12-01,Private Car,Petrol,101055,2023-12-01
2023-12-01,Private Light Bus,Diesel,294,2023-12-01
2023-12-01,Private Light Bus,Electric,2,2023-12-01
2023-12-01,Private Light Bus,LPG,135,2023-12-01
2023-12-01,Public Bus,Diesel,2164,2023-12-01
2023-12-01,Public Bus,Electric,60,2023-12-01
2023-12-01,Public Bus,Hydrogen,1,2023-12-01
2023-12-01,Public Light Bus,Diesel,136,2023-12-01
2023-12-01,Public Light Bus,Electric,1,2023-12-01
2023-12-01,Public Light Bus,LPG,493,2023-12-01
2023-12-01,Taxi,Electric,18,2023-12-01
2023-12-01,Taxi,LPG,4075,2023-12-01
2023-12-01,Taxi,Petrol,12,2023-12-01
2024-01-01,HGV,Diesel,1890,2024-01-01
2024-01-01,HGV,Electric,3,2024-01-01
2024-01-01,LGV,Diesel,17842,2024-01-01
2024-01-01,LGV,Electric,496,2024-01-01
2024-01-01,LGV,Petrol,4,2024-01-01
2024-01-01,MGV,Diesel,5854,2024-01-01
2024-01-01,MGV,Electric,9,2024-01-01
2024-01-01,Motorcycle,Electric,500,2024-01-01
2024-01-01,Motorcycle,Petrol,32101,2024-01-01
2024-01-01,Private Bus,Diesel,275,2024-01-01
2024-01-01,Private Car,Diesel,2,2024-01-01
2024-01-01,Private Car,Electric,66467,2024-01-01
2024-01-01,Private Car,Petrol,102319,2024-01-01
2024-01-01,Private Light Bus,Diesel,325,2024-01-01
2024-01-01,Private Light Bus,Electric,2,2024-01-01
2024-01-01,Private Light Bus,LPG,135,2024-01-01
2024-01-01,Public Bus,Diesel,2188,2024-01-01
2024-01-01,Public Bus,Electric,67,2024-01-01
2024-01-01,Public Bus,Hydrogen,1,2024-01-01
2024-01-01,Public Light Bus,Diesel,150,2024-01-01
2024-01-01,Public Light Bus,Electric,1,2024-01-01
2024-01-01,Public Light Bus,LPG,496,2024-01-01
2024-01-01,Taxi,Electric,33,2024-01-01
2024-01-01,Taxi,LPG,4141,2024-01-01
2024-01-01,Taxi,Petrol,12,2024-01-01
2024-02-01,HGV,Diesel,1938,2024-02-01
2024-02-01,HGV,Electric,3,2024-02-01
2024-02-01,LGV,Diesel,17947,2024-02-01
2024-02-01,LGV,Electric,512,2024-02-01
2024-02-01,LGV,Petrol,4,2024-02-01
2024-02-01,MGV,Diesel,5898,2024-02-01
2024-02-01,MGV,Electric,9,2024-02-01
2024-02-01,Motorcycle,Electric,537,2024-02-01
2024-02-01,Motorcycle,Petrol,32387,2024-02-01
2024-02-01,Private Bus,Diesel,279,2024-02-01
2024-02-01,Private Car,Diesel,2,2024-02-01
2024-02-01,Private Car,Electric,69938,2024-02-01
2024-02-01,Private Car,Petrol,103278,2024-02-01
2024-02-01,Private Light Bus,Diesel,333,2024-02-01
2024-02-01,Private Light Bus,Electric,2,2024-02-01
2024-02-01,Private Light Bus,LPG,135,2024-02-01
2024-02-01,Public Bus,Diesel,2203,2024-02-01
2024-02-01,Public Bus,Electric,77,2024-02-01
2024-02-01,Public Bus,Hydrogen,1,2024-02-01
2024-02-01,Public Light Bus,Diesel,157,2024-02-01
2024-02-01,Public Light Bus,Electric,1,2024-02-01
2024-02-01,Public Light Bus,LPG,496,2024-02-01
2024-02-01,Taxi,Electric,38,2024-02-01
2024-02-01,Taxi,LPG,4172,2024-02-01
2024-02-01,Taxi,Petrol,12,2024-02-01
2024-03-01,HGV,Diesel,1985,2024-03-01
2024-03-01,HGV,Electric,3,2024-03-01
2024-03-01,LGV,Diesel,18081,2024-03-01
2024-03-01,LGV,Electric,525,2024-03-01
2024-03-01,LGV,Petrol,4,2024-03-01
2024-03-01,MGV,Diesel,5966,2024-03-01
2024-03-01,MGV,Electric,9,2024-03-01
2024-03-01,Motorcycle,Electric,549,2024-03-01
2024-03-01,Motorcycle,Petrol,32718,2024-03-01
2024-03-01,Private Bus,Diesel,285,2024-03-01
2024-03-01,Private Car,Diesel,2,2024-03-01
2024-03-01,Private Car,Electric,74834,2024-03-01
2024-03-01,Private Car,Petrol,104300,2024-03-01
2024-03-01,Private Light Bus,Diesel,340,2024-03-01
2024-03-01,Private Light Bus,Electric,2,2024-03-01
2024-03-01,Private Light Bus,LPG,135,2024-03-01
2024-03-01,Public Bus,Diesel,2234,2024-03-01
2024-03-01,Public Bus,Electric,82,2024-03-01
2024-03-01,Public Bus,Hydrogen,1,2024-03-01
2024-03-01,Public Light Bus,Diesel,162,2024-03-01
2024-03-01,Public Light Bus,Electric,3,2024-03-01
2024-03-01,Public Light Bus,LPG,496,2024-03-01
2024-03-01,Taxi,Electric,47,2024-03-01
2024-03-01,Taxi,LPG,4260,2024-03-01
2024-03-01,Taxi,Petrol,12,2024-03-01
2024-04-01,HGV,Diesel,2027,2024-04-01
2024-04-01,HGV,Electric,3,2024-04-01
2024-04-01,LGV,Diesel,18199,2024-04-01
2024-04-01,LGV,Electric,541,2024-04-01
2024-04-01,LGV,Petrol,4,2024-04-01
2024-04-01,MGV,Diesel,6029,2024-04-01
2024-04-01,MGV,Electric,10,2024-04-01
2024-04-01,Motorcycle,Electric,566,2024-04-01
2024-04-01,Motorcycle,Petrol,33035,2024-04-01
2024-04-01,Private Bus,Diesel,292,2024-04-01
2024-04-01,Private Car,Diesel,2,2024-04-01
2024-04-01,Private Car,Electric,80217,2024-04-01
2024-04-01,Private Car,Petrol,105352,2024-04-01
2024-04-01,Private Light Bus,Diesel,346,2024-04-01
2024-04-01,Private Light Bus,Electric,3,2024-04-01
2024-04-01,Private Light Bus,LPG,135,2024-04-01
2024-04-01,Public Bus,Diesel,2269,2024-04-01
2024-04-01,Public Bus,Electric,85,2024-04-01
2024-04-01,Public Bus,Hydrogen,1,2024-04-01
2024-04-01,Public Light Bus,Diesel,169,2024-04-01
2024-04-01,Public Light Bus,Electric,3,2024-04-01
2024-04-01,Public Light Bus,LPG,496,2024-04-01
2024-04-01,Taxi,Electric,51,2024-04-01
2024-04-01,Taxi,LPG,4332,2024-04-01
2024-04-01,Taxi,Petrol,12,2024-04-01
2024-05-01,HGV,Diesel,2071,2024-05-01
2024-05-01,HGV,Electric,3,2024-05-01
2024-05-01,LGV,Diesel,18337,2024-05-01
2024-05-01,LGV,Electric,561,2024-05-01
2024-05-01,LGV,Petrol,4,2024-05-01
2024-05-01,MGV,Diesel,6104,2024-05-01
2024-05-01,MGV,Electric,10,2024-05-01
2024-05-01,Motorcycle,Electric,611,2024-05-01
2024-05-01,Motorcycle,Petrol,33354,2024-05-01
2024-05-01,Private Bus,Diesel,297,2024-05-01
2024-05-01,Private Car,Diesel,2,2024-05-01
2024-05-01,Private Car,Electric,81866,2024-05-01
2024-05-01,Private Car,Petrol,106552,2024-05-01
2024-05-01,Private Light Bus,Diesel,351,2024-05-01
2024-05-01,Private Light Bus,Electric,3,2024-05-01
2024-05-01,Private Light Bus,LPG,135,2024-05-01
2024-05-01,Public Bus,Diesel,2292,2024-05-01
2024-05-01,Public Bus,Electric,86,2024-05-01
2024-05-01,Public Bus,Hydrogen,1,2024-05-01
2024-05-01,Public Light Bus,Diesel,178,2024-05-01
2024-05-01,Public Light Bus,Electric,3,2024-05-01
2024-05-01,Public Light Bus,LPG,496,2024-05-01
2024-05-01,Taxi,Electric,63,2024-05-01
2024-05-01,Taxi,LPG,4407,2024-05-01
2024-05-01,Taxi,Petrol,12,2024-05-01
2024-06-01,HGV,Diesel,2115,2024-06-01
2024-06-01,HGV,Electric,3,2024-06-01
2024-06-01,LGV,Diesel,18506,2024-06-01
2024-06-01,LGV,Electric,574,2024-06-01
2024-06-01,LGV,Petrol,4,2024-06-01
2024-06-01,MGV,Diesel,6163,2024-06-01
2024-06-01,MGV,Electric,10,2024-06-01
2024-06-01,Motorcycle,Electric,635,2024-06-01
2024-06-01,Motorcycle,Petrol,33638,2024-06-01
2024-06-01,Private Bus,Diesel,297,2024-06-01
2024-06-01,Private Car,Diesel,2,2024-06-01
2024-06-01,Private Car,Electric,83379,2024-06-01
2024-06-01,Private Car,Petrol,107635,2024-06-01
2024-06-01,Private Light Bus,Diesel,356,2024-06-01
2024-06-01,Private Light Bus,Electric,3,2024-06-01
2024-06-01,Private Light Bus,LPG,135,2024-06-01
2024-06-01,Public Bus,Diesel,2318,2024-06-01
2024-06-01,Public Bus,Electric,86,2024-06-01
2024-06-01,Public Bus,Hydrogen,1,2024-06-01
2024-06-01,Public Light Bus,Diesel,190,2024-06-01
2024-06-01,Public Light Bus,Electric,3,2024-06-01
2024-06-01,Public Light Bus,LPG,496,2024-06-01
2024-06-01,Taxi,Electric,73,2024-06-01
2024-06-01,Taxi,LPG,4480,2024-06-01
2024-06-01,Taxi,Petrol,12,2024-06-01
2024-07-01,HGV,Diesel,2142,2024-07-01
2024-07-01,HGV,Electric,3,2024-07-01
2024-07-01,LGV,Diesel,18657,2024-07-01
2024-07-01,LGV,Electric,590,2024-07-01
2024-07-01,LGV,Petrol,4,2024-07-01
2024-07-01,MGV,Diesel,6234,2024-07-01
2024-07-01,MGV,Electric,10,2024-07-01
2024-07-01,Motorcycle,Electric,656,2024-07-01
2024-07-01,Motorcycle,Petrol,33881,2024-07-01
2024-07-01,Private Bus,Diesel,298,2024-07-01
2024-07-01,Private Car,Diesel,2,2024-07-01
2024-07-01,Private Car,Electric,85074,2024-07-01
2024-07-01,Private Car,Petrol,108914,2024-07-01
2024-07-01,Private Light Bus,Diesel,361,2024-07-01
2024-07-01,Private Light Bus,Electric,3,2024-07-01
2024-07-01,Private Light Bus,LPG,135,2024-07-01
2024-07-01,Public Bus,Diesel,2344,2024-07-01
2024-07-01,Public Bus,Electric,86,2024-07-01
2024-07-01,Public Bus,Hydrogen,1,2024-07-01
2024-07-01,Public Light Bus,Diesel,197,2024-07-01
2024-07-01,Public Light Bus,Electric,3,2024-07-01
2024-07-01,Public Light Bus,LPG,496,2024-07-01
2024-07-01,Taxi,Electric,84,2024-07-01
2024-07-01,Taxi,LPG,4569,2024-07-01
2024-07-01,Taxi,Petrol,12,2024-07-01
2024-08-01,HGV,Diesel,2194,2024-08-01
2024-08-01,HGV,Electric,3,2024-08-01
2024-08-01,LGV,Diesel,18778,2024-08-01
2024-08-01,LGV,Electric,618,2024-08-01
2024-08-01,LGV,Petrol,4,2024-08-01
2024-08-01,MGV,Diesel,6294,2024-08-01
2024-08-01,MGV,Electric,10,2024-08-01
2024-08-01,Motorcycle,Electric,667,2024-08-01
2024-08-01,Motorcycle,Petrol,34235,2024-08-01
2024-08-01,Private Bus,Diesel,305,2024-08-01
2024-08-01,Private Car,Diesel,2,2024-08-01
2024-08-01,Private Car,Electric,87143,2024-08-01
2024-08-01,Private Car,Petrol,110034,2024-08-01
2024-08-01,Private Light Bus,Diesel,368,2024-08-01
2024-08-01,Private Light Bus,Electric,3,2024-08-01
2024-08-01,Private Light Bus,LPG,135,2024-08-01
2024-08-01,Public Bus,Diesel,2385,2024-08-01
2024-08-01,Public Bus,Electric,86,2024-08-01
2024-08-01,Public Bus,Hydrogen,1,2024-08-01
2024-08-01,Public Light Bus,Diesel,212,2024-08-01
2024-08-01,Public Light Bus,Electric,3,2024-08-01
2024-08-01,Public Light Bus,LPG,507,2024-08-01
2024-08-01,Taxi,Electric,87,2024-08-01
2024-08-01,Taxi,LPG,4643,2024-08-01
2024-08-01,Taxi,Petrol,12,2024-08-01
